,0
3004646,False
3007101,False
3018942,False
3025465,False
3032460,False
3033681,False
3034472,False
3035150,False
3036605,False
3041957,False
3046524,False
3047823,False
3055383,False
3056353,False
3056780,False
3057453,False
3061846,False
3063618,False
3068783,False
3075748,False
3077701,False
3080906,False
3083718,False
3085866,False
3086292,False
3087456,False
3088460,False
3090877,False
3091829,False
3092082,False
3092553,False
3093943,False
3095076,False
3096582,False
3097545,False
3097839,False
3098528,False
3100133,False
3102005,False
3108423,False
3109097,False
3115123,False
3116082,False
3116116,False
3118423,False
3119591,False
3119869,False
3121492,False
3128786,False
3132644,False
3133945,False
3134210,False
3141366,False
3144223,False
3146012,False
3147171,False
3151799,False
3158008,False
3159043,False
3163934,False
3172826,False
3179463,False
3180443,False
3180724,False
3181224,False
3183509,False
3184844,False
3185115,False
3185385,False
3185656,False
3197505,False
3197901,False
3198296,False
3203647,False
3209893,False
3210182,False
3211603,False
3213258,False
3213633,False
3213914,False
3214285,False
3217022,False
3218379,False
3220065,False
3221120,False
3221649,False
3229223,False
3230988,False
3231372,False
3238347,False
3240799,False
3242844,False
3243504,False
3244120,False
3244596,False
3244891,False
3245307,False
3245596,False
3246200,False
3246462,False
3247234,False
3251070,False
3252929,False
3254260,False
3263180,False
3263480,False
3265984,False
3267734,False
3272126,False
3272643,False
3277343,False
3283264,False
3297683,False
3298839,False
3303563,False
3308383,False
3321023,False
3321716,False
3327683,False
3328387,False
3329026,False
3332863,False
3333586,False
3334423,False
3334878,False
3336470,False
3343781,False
3344486,False
3352200,False
3354551,False
3358303,False
3368085,False
3369205,False
3407387,False
3411936,False
3413463,False
3415405,False
3415924,False
3416968,False
3417273,False
3418543,False
3423048,False
3426987,False
3436786,False
3438549,False
3439245,False
3445663,False
3446453,False
3447066,False
3451303,False
3453363,False
3454187,False
3454558,False
3458065,False
3459043,False
3459343,False
3463388,False
3465209,False
3466777,False
3470252,False
3473243,False
3480449,False
3485326,False
3486076,False
3486617,False
3486917,False
3490003,False
3491288,False
3494283,False
3496164,False
3503305,False
3510508,False
3516951,False
3521263,False
3531403,False
3531883,False
3533503,False
3534413,False
3534850,False
3535154,False
3535471,False
3540506,False
3542069,False
3544135,False
3551832,False
3557550,False
3564990,False
3566903,False
3567705,False
3569183,False
3576349,False
3577509,False
3582443,False
3589443,False
3596955,False
3597315,False
3599099,False
3600326,False
3602947,False
3604764,False
3607643,False
3610823,False
3611083,False
3612311,False
3613834,False
3618655,False
3620524,False
3622313,False
3622729,False
3623115,False
3627843,False
3632391,False
3632980,False
3635413,False
3636284,False
3637517,False
3637921,False
3638422,False
3638835,False
3639276,False
3645890,False
3646526,False
3647766,False
3650848,False
3651544,False
3651836,False
3655368,False
3656846,False
3667000,False
3668345,False
3669223,False
3670879,False
3671189,False
3672162,False
3674830,False
3675395,False
3676443,False
3677583,False
3678295,False
3679384,False
3679724,False
3681136,False
3681827,False
3685427,False
3687413,False
3688147,False
3688940,False
3689446,False
3690043,False
3691884,False
3696185,False
3696599,False
3698663,False
3701292,False
3709364,False
3711664,False
3720178,False
3721360,False
3727791,False
3731002,False
3732046,False
3732352,False
3736272,False
3741628,False
3742869,False
3745829,False
3746623,False
3747286,False
3749573,False
3782672,False
3783172,False
3783708,False
3784056,False
3784661,False
3797086,False
3813803,False
3814693,False
3815569,False
3816041,False
3822496,False
3824284,False
3825035,False
3829589,False
3830432,False
3836260,False
3848309,False
3850883,False
3851112,False
3852903,False
3856222,False
3871043,False
3871869,False
3872511,False
3873264,False
3874236,False
3876956,False
3878034,False
3880474,False
3881788,False
3882945,False
3885348,False
3888975,False
3893811,False
3895234,False
3898537,False
3899851,False
3901404,False
3901453,False
3902516,False
3902881,False
3903253,False
3906809,False
3908684,False
3909561,False
3910343,False
3912125,False
3913498,False
3913948,False
3914452,False
3914965,False
3915569,False
3916103,False
3923930,False
3924327,False
3925014,False
3925616,False
3926564,False
3927731,False
3928083,False
3928221,False
3929853,False
3930375,False
3930733,False
3932265,False
3933353,False
3934995,False
3936933,False
3937665,False
3938338,False
3942822,False
3945357,False
3946773,False
3949529,False
3951012,False
3951677,False
3960387,False
3962262,False
3963280,False
3963963,False
3965191,False
3971506,False
3975543,False
3976655,False
3977213,False
3977898,False
3978275,False
3978771,False
3980143,False
3988624,False
3992963,False
3994382,False
3996389,False
3997595,False
3999954,False
4007912,False
4008823,False
4013230,False
4015596,False
4015918,False
4021546,False
4032223,False
4032873,False
4038685,False
4044259,False
4044686,False
4050402,False
4055350,False
4056066,False
4056143,False
4056691,False
4059646,False
4067433,False
4081458,False
4085883,False
4086133,False
4087520,False
4091447,False
4092549,False
4095196,False
4096879,False
4098610,False
4106531,False
4106855,False
4112064,False
4116546,False
4120706,False
4125863,False
4126088,False
4132165,False
4135072,False
4140681,False
4141404,False
4145451,False
4151062,False
4156233,False
4159934,False
4161235,False
4163293,False
4166569,False
4173368,False
4174408,False
4179903,False
4183443,False
4184630,False
4186712,False
4187554,False
4188079,False
4190685,False
4207424,False
4214388,False
4217286,False
4218390,False
4220103,False
4225044,False
4228470,False
4234256,False
4239729,False
4246922,False
4250592,False
4250988,False
4251346,False
4252253,False
4254953,False
4256703,False
4261151,False
4274576,False
4281314,False
4285815,False
4287391,False
4290316,False
4302066,False
4302983,False
4310301,False
4313453,False
4316872,False
4319670,False
4322203,False
4323310,False
4325232,False
4325712,False
4329619,False
4334827,False
4337223,False
4339036,False
4339729,False
4342129,False
4343336,False
4344557,False
4347457,False
4350022,False
4351339,False
4352383,False
4359948,False
4361901,False
4369174,False
4369904,False
4370780,False
4371637,False
4381930,False
4384103,False
4384946,False
4405395,False
4406025,False
4406557,False
4408423,False
4412246,False
4416345,False
4425830,False
4427063,False
4427460,False
4429605,False
4438852,False
4440589,False
4445174,False
4452500,False
4453768,False
4455708,False
4460190,False
4464443,False
4464859,False
4466102,False
4467084,False
4473821,False
4475529,False
4478024,False
4482141,False
4484103,False
4484406,False
4485051,False
4498187,False
4510226,False
4511896,False
4517568,False
4518443,False
4519347,False
4522456,False
4530770,False
4531880,False
4535665,False
4535979,False
4538290,False
4538723,False
4541389,False
4542043,False
4542863,False
4544666,False
4545589,False
4546502,False
4551488,False
4555677,False
4557067,False
4557285,False
4561923,False
4563615,False
4564503,False
4564790,False
4565173,False
4566120,False
4568983,False
4571229,False
4574574,False
4576469,False
4577394,False
4579393,False
4581086,False
4581463,False
4582095,False
4582439,False
4583568,False
4585673,False
4588843,False
4589422,False
4589728,False
4592650,False
4594564,False
4595199,False
4778657,False
4781884,False
4795646,False
4796290,False
4797212,False
4803820,False
4807063,False
4808379,False
4810627,False
4811519,False
4815203,False
4816731,False
4819143,False
4819663,False
4820532,False
4822551,False
4823263,False
4824351,False
4824373,False
4824962,False
4825608,False
4827129,False
4830064,False
4832606,False
4833075,False
4836603,False
4837324,False
4841812,False
4843933,False
4844409,False
4854178,False
4858288,False
4860966,False
4861283,False
4865568,False
4866284,False
4871983,False
4872543,False
4874286,False
4874963,False
4875533,False
4879517,False
4879895,False
4880373,False
4881067,False
4881084,False
4887044,False
4887771,False
4887787,False
4888094,False
4890037,False
4894113,False
4894517,False
4940438,False
4941278,False
4944081,False
4964117,False
4964510,False
4968111,False
4971717,False
4973498,False
4975050,False
4977326,False
4979750,False
4980236,False
4984031,False
4984975,False
4986958,False
4989607,False
4990407,False
5001251,False
5001743,False
5003193,False
5005111,False
5005657,False
5006088,False
5007761,False
5008639,False
5009197,False
5009620,False
5011624,False
5014157,False
5014615,False
5020237,False
5022875,False
5022883,False
5024811,False
5026675,False
5028659,False
5029317,False
5031914,False
5033767,False
5036261,False
5037539,False
5038452,False
5040268,False
5041218,False
5042683,False
5043156,False
5045416,False
5046517,False
5047211,False
5048644,False
5049059,False
5058511,False
5060779,False
5061923,False
5068064,False
5068949,False
5069582,False
5070027,False
5070498,False
5071956,False
5071991,False
5072018,False
5073377,False
5075275,False
5078670,False
5080342,False
5081683,False
5082771,False
5083831,False
5088417,False
5089370,False
5089818,False
5095673,False
5118354,False
5122637,False
5123049,False
5123461,False
5124045,False
5128123,False
5131245,False
5136641,False
5137685,False
5141904,False
5142133,False
5142787,False
5146732,False
5147333,False
5150426,False
5150879,False
5152748,False
5153986,False
5155440,False
5156175,False
5159927,False
5160343,False
5162236,False
5162676,False
5175345,False
5175845,False
5176841,False
5177318,False
5178325,False
5184151,False
5187991,False
5188409,False
5189981,False
5192196,False
5196272,False
5204844,False
5205827,False
5209651,False
5210487,False
5215743,False
5218659,False
5221087,False
5222205,False
5224271,False
5224877,False
5225326,False
5229955,False
5231731,False
5232366,False
5235357,False
5237188,False
5239571,False
5240318,False
5243692,False
5244091,False
5245298,False
5245937,False
5249259,False
5249275,False
5257675,False
5263495,False
5263704,False
5264555,False
5264592,False
5265774,False
5290118,False
5290338,False
5305610,False
5311503,False
5315730,False
5322403,False
5322853,False
5323367,False
5327304,False
5339751,False
5341025,False
5341515,False
5341662,False
5342610,False
5343331,False
5358407,False
5362812,False
5364697,False
5366083,False
5367219,False
5369524,False
5370780,False
5373262,False
5380205,False
5382350,False
5384953,False
5388764,False
5390353,False
5390834,False
5401652,False
5408163,False
5410102,False
5410691,False
5413345,False
5415064,False
5422613,False
5427414,False
5435783,False
5439855,False
5441052,False
5449845,False
5451107,False
5454543,False
5454804,False
5459675,False
5460201,False
5463633,False
5463665,False
5467015,False
5467626,False
5468125,False
5470093,False
5477452,False
5486773,False
5487271,False
5489846,False
5494090,False
5500423,False
5501931,False
5515183,False
5515807,False
5516322,False
5524106,False
5524669,False
5526070,False
5533015,False
5537503,False
5545976,False
5546884,False
5553038,False
5553670,False
5557874,False
5562464,False
5564998,False
5565321,False
5572431,False
5576423,False
5576712,False
5578213,False
5584651,False
5585560,False
5590203,False
5591293,False
5591776,False
5592275,False
5592774,False
5593289,False
5593904,False
5600143,False
5601244,False
5608601,False
5612366,False
5613140,False
5613715,False
5628069,False
5628953,False
5632866,False
5639591,False
5645643,False
5647492,False
5648079,False
5652360,False
5653604,False
5654073,False
5655793,False
5662163,False
5665687,False
5668910,False
5671365,False
5672207,False
5673902,False
5674440,False
5676387,False
5682127,False
5684395,False
5684716,False
5686234,False
5689862,False
5696483,False
5696994,False
5699401,False
5702384,False
5711808,False
5712268,False
5713800,False
5718151,False
5722606,False
5724929,False
5726442,False
5727069,False
5727122,False
5728393,False
5729173,False
5729811,False
5732405,False
5740160,False
5741486,False
5754715,False
5758348,False
5759916,False
5763108,False
5770442,False
5771397,False
5774663,False
5775973,False
5784152,False
5784517,False
5788617,False
5789278,False
5790129,False
5793166,False
5793686,False
5798310,False
5799226,False
5799860,False
5802744,False
5807383,False
5807976,False
5811867,False
5812458,False
5815689,False
5817853,False
5818500,False
5825785,False
5826301,False
5831502,False
5837686,False
5838196,False
5842242,False
5846182,False
5846635,False
5847457,False
5851496,False
5852190,False
5852705,False
5854342,False
5860008,False
5864510,False
5867624,False
5868110,False
5879420,False
5879932,False
5881806,False
5887686,False
5893421,False
5894137,False
5894171,False
5895112,False
5896528,False
5896977,False
5933808,False
5942699,False
5947299,False
5951921,False
5956801,False
5959558,False
5960463,False
5960997,False
5961864,False
5965829,False
5966460,False
5971639,False
5974004,False
5977958,False
5983162,False
5986829,False
5987513,False
5988102,False
5992967,False
5993586,False
6001885,False
6005621,False
6008555,False
6009098,False
6009753,False
6010243,False
6015049,False
6015148,False
6017899,False
6028242,False
6033123,False
6033823,False
6035333,False
6038724,False
6041727,False
6047109,False
6048635,False
6052108,False
6053967,False
6054533,False
6061611,False
6062596,False
6063090,False
6073627,False
6074382,False
6077518,False
6081247,False
6081976,False
6085299,False
6086376,False
6087764,False
6092653,False
6092663,False
6100999,False
6125252,False
6134041,False
6138342,False
6145343,False
6154655,False
6157938,False
6158677,False
6159453,False
6166321,False
6166928,False
6169845,False
6178084,False
6178785,False
6184300,False
6186459,False
6187718,False
6188388,False
6191061,False
6191915,False
6194436,False
6195464,False
6196092,False
6198620,False
6199156,False
6216081,False
6216540,False
6221172,False
6230627,False
6231152,False
6234241,False
6234797,False
6255618,False
6256108,False
6256124,False
6257431,False
6258052,False
6258071,False
6259230,False
6265279,False
6271296,False
6281660,False
6286328,False
6286957,False
6291821,False
6303223,False
6306476,False
6316466,False
6323783,False
6324276,False
6325581,False
6326422,False
6326933,False
6338218,False
6341227,False
6346687,False
6347160,False
6348490,False
6353191,False
6363866,False
6384316,False
6385414,False
6386010,False
6386553,False
6387102,False
6392179,False
6392752,False
6394370,False
6400090,False
6409500,False
6410506,False
6411037,False
6411537,False
6412204,False
6414799,False
6435150,False
6440124,False
6440874,False
6447305,False
6495507,False
6500938,False
6506745,False
6512818,False
6513343,False
6514113,False
6523970,False
6528285,False
6532599,False
6534641,False
6549637,False
6604318,False
6605050,False
6610106,False
6616348,False
6617324,False
6619416,False
6629610,False
6630135,False
6631123,False
6631712,False
6632312,False
6633414,False
6634834,False
6635489,False
6645702,False
6651010,False
6655681,False
6661628,False
6662344,False
6665897,False
6670491,False
6675296,False
6690417,False
6693684,False
6702743,False
6710381,False
6732176,False
6733340,False
6738261,False
6741871,False
6748844,False
6752944,False
6758997,False
6761209,False
6770154,False
6770868,False
6775237,False
6779623,False
6781724,False
6782975,False
6783887,False
6786236,False
6790231,False
6790752,False
6794469,False
6811878,False
6813463,False
6818199,False
6822917,False
6823947,False
6827997,False
6828972,False
6835932,False
6844248,False
6850092,False
6850842,False
6859898,False
6860505,False
6872817,False
6879897,False
6883188,False
6892872,False
6897588,False
6903810,False
6904729,False
6909736,False
6910317,False
6915634,False
6916783,False
6922247,False
6924453,False
6925791,False
6929869,False
6943638,False
6951362,False
6961171,False
6961979,False
6977071,False
6985508,False
6997199,False
6997922,False
7002060,False
7004341,False
7005683,False
7030308,False
7031944,False
7032677,False
7033267,False
7041545,False
7046550,False
7049435,False
7055029,False
7057400,False
7062570,False
7063261,False
7072205,False
7083063,False
7083704,False
7089568,False
7097523,False
7112658,False
7113683,False
7114242,False
7117451,False
7128092,False
7135230,False
7138948,False
7146847,False
7150628,False
7155548,False
7156558,False
7200113,False
7207645,False
7212248,False
7217323,False
7223024,False
7236744,False
7242308,False
7242837,False
7243851,False
7244750,False
7249720,False
7250377,False
7250951,False
7256056,False
7256670,False
7261848,False
7262521,False
7263097,False
7269737,False
7270601,False
7271145,False
7285555,False
7291861,False
7292617,False
7313344,False
7316634,False
7317989,False
7329167,False
7338979,False
7344390,False
7359275,False
7362243,False
7363091,False
7366009,False
7371920,False
7373426,False
7383711,False
7393531,False
7395460,False
7403574,False
7415134,False
7418018,False
7418926,False
7419641,False
7426928,False
7437929,False
7445278,False
7445736,False
7447526,False
7448187,False
7449085,False
7451365,False
7452237,False
7453523,False
7454167,False
7459687,False
7460241,False
7460784,False
7465137,False
7474789,False
7475674,False
7487870,False
7492422,False
7564933,False
7577584,False
7578636,False
7585379,False
7591057,False
7606825,False
7607369,False
7617280,False
7618703,False
7619317,False
7620122,False
7635379,False
7636239,False
7638155,False
7647123,False
7647891,False
7674242,False
7675253,False
7675785,False
7676427,False
7676966,False
7686611,False
7696513,False
7697517,False
7698946,False
7702002,False
7702566,False
7708006,False
7710735,False
7728100,False
7730180,False
7732621,False
7738250,False
7739091,False
7740261,False
7740805,False
7749994,False
7750264,False
7752293,False
7758353,False
7760618,False
7761744,False
7762370,False
7763426,False
7767132,False
7768076,False
7770012,False
7773873,False
7795680,False
7803974,False
7804821,False
7805371,False
7818657,False
7821273,False
7835388,False
7848532,False
7851862,False
7852374,False
7856451,False
7857306,False
7858035,False
7859543,False
7860758,False
7872448,False
7877835,False
7893614,False
7907627,False
7908283,False
7931294,False
7932398,False
7936192,False
7944779,False
7955393,False
7960536,False
7973990,False
7978818,False
7986781,False
7996268,False
8001495,False
8002600,False
8010563,False
8018636,False
8031855,False
8032369,False
8035393,False
8037994,False
8048016,False
8048554,False
8049473,False
8084556,False
8095237,False
8098090,False
8100016,False
8101674,False
8101796,False
8120893,False
8133636,False
8138488,False
8139165,False
8143778,False
8158985,False
8166148,False
8169653,False
8170334,False
8172765,False
8173441,False
8174039,False
8174727,False
8175378,False
8176037,False
8178236,False
8178932,False
8179580,False
8183350,False
8185315,False
8186557,False
8188644,False
8189276,False
8191603,False
8194827,False
8202649,False
8244287,False
8255172,False
8257352,False
8264335,False
8298529,False
8314918,False
8322327,False
8325351,False
8332566,False
8333097,False
8333663,False
8335155,False
8335787,False
8338531,False
8340422,False
8341160,False
8342008,False
8346356,False
8348708,False
8348847,False
8349412,False
8350940,False
8355749,False
8364762,False
8364865,False
8376583,False
8383891,False
8384851,False
8385745,False
8408267,False
8408940,False
8409494,False
8414589,False
8451197,False
8452336,False
8463506,False
8466827,False
8467900,False
8470212,False
8472278,False
8473798,False
8474450,False
8480753,False
8484936,False
